{
  "type": "chest",
  "pools": [
    {
      "rolls": {
        "min": 8,
        "max": 18
      },
      "entries": [
        {
          "type": "item",
          "weight": 900,
          "name": "minecraft:dark_oak_log",
          "functions": [
            {
              "function": "set_count",
              "count": {
                "min": 4,
                "max": 6
              }
            }
          ]
        },
        {
          "type": "item",
          "weight": 625,
          "name": "minecraft:wheat",
          "functions": [
            {
              "function": "set_count",
              "count": {
                "min": 6,
                "max": 10
              }
            }
          ]
        },
        {
          "type": "item",
          "weight": 509,
          "name": "minecraft:experience_bottle",
          "functions": [
            {
              "function": "set_count",
              "count": 1
            }
          ]
        },
        {
          "type": "loot_table",
          "weight": 500,
          "name": "raid:chests/horns",
          "functions": [
            {
              "function": "set_count",
              "count": 1
            }
          ]
        },
        {
          "type": "item",
          "weight": 475,
          "name": "minecraft:carrot",
          "functions": [
            {
              "function": "set_count",
              "count": {
                "min": 6,
                "max": 10
              }
            }
          ]
        },
        {
          "type": "item",
          "weight": 475,
          "name": "minecraft:potato",
          "functions": [
            {
              "function": "set_count",
              "count": {
                "min": 4,
                "max": 10
              }
            }
          ]
        },
        {
          "type": "item",
          "weight": 291,
          "name": "minecraft:arrow",
          "functions": [
            {
              "function": "set_count",
              "count": {
                "min": 4,
                "max": 14
              }
            }
          ]
        },
        {
          "type": "item",
          "weight": 291,
          "name": "minecraft:string",
          "functions": [
            {
              "function": "set_count",
              "count": {
                "min": 2,
                "max": 12
              }
            }
          ]
        },
        {
          "type": "item",
          "weight": 205,
          "name": "minecraft:emerald",
          "functions": [
            {
              "function": "set_count",
              "count": {
                "min": 6,
                "max": 18
              }
            }
          ]
        },
        {
          "type": "item",
          "weight": 205,
          "name": "minecraft:iron_ingot",
          "functions": [
            {
              "function": "set_count",
              "count": {
                "min": 4,
                "max": 12
              }
            }
          ]
        },
        {
          "type": "item",
          "weight": 478,
          "name": "minecraft:bone",
          "functions": [
            {
              "function": "set_count",
              "count": {
                "min": 1,
                "max": 8
              }
            }
          ]
        },
        {
          "type": "item",
          "weight": 478,
          "name": "minecraft:gunpowder",
          "functions": [
            {
              "function": "set_count",
              "count": {
                "min": 1,
                "max": 8
              }
            }
          ]
        },
        {
          "type": "item",
          "weight": 478,
          "name": "minecraft:rotten_flesh",
          "functions": [
            {
              "function": "set_count",
              "count": {
                "min": 1,
                "max": 8
              }
            }
          ]
        },
        {
          "type": "item",
          "weight": 241,
          "name": "minecraft:bread",
          "functions": [
            {
              "function": "set_count",
              "count": {
                "min": 1,
                "max": 3
              }
            }
          ]
        },
        {
          "type": "item",
          "weight": 183,
          "name": "minecraft:lead",
          "functions": [
            {
              "function": "set_count",
              "count": 1
            }
          ]
        },
        {
          "type": "item",
          "weight": 183,
          "name": "minecraft:name_tag",
          "functions": [
            {
              "function": "set_count",
              "count": {
                "min": 1,
                "max": 2
              }
            }
          ]
        },
        {
          "type": "item",
          "weight": 166,
          "name": "minecraft:coal",
          "functions": [
            {
              "function": "set_count",
              "count": {
                "min": 1,
                "max": 4
              }
            }
          ]
        },
        {
          "type": "item",
          "weight": 166,
          "name": "minecraft:redstone",
          "functions": [
            {
              "function": "set_count",
              "count": {
                "min": 1,
                "max": 4
              }
            }
          ]
        },
        {
          "type": "item",
          "weight": 118,
          "name": "minecraft:music_disc_13",
          "functions": [
            {
              "function": "set_count",
              "count": 1
            }
          ]
        },
        {
          "type": "item",
          "weight": 118,
          "name": "minecraft:music_disc_cat",
          "functions": [
            {
              "function": "set_count",
              "count": 1
            }
          ]
        },
        {
          "type": "item",
          "weight": 118,
          "name": "minecraft:golden_apple",
          "functions": [
            {
              "function": "set_count",
              "count": 1
            }
          ]
        },
        {
          "type": "item",
          "weight": 118,
          "name": "minecraft:diamond",
          "functions": [
            {
              "function": "set_count",
              "count": {
                "min": 1,
                "max": 2
              }
            }
          ]
        },
        {
          "type": "item",
          "weight": 85,
          "name": "minecraft:melon_seeds",
          "functions": [
            {
              "function": "set_count",
              "count": {
                "min": 2,
                "max": 4
              }
            }
          ]
        },
        {
          "type": "item",
          "weight": 85,
          "name": "minecraft:beetroot_seeds",
          "functions": [
            {
              "function": "set_count",
              "count": {
                "min": 2,
                "max": 4
              }
            }
          ]
        },
        {
          "type": "item",
          "weight": 85,
          "name": "minecraft:pumpkin_seeds",
          "functions": [
            {
              "function": "set_count",
              "count": {
                "min": 2,
                "max": 4
              }
            }
          ]
        },
        {
          "type": "item",
          "weight": 85,
          "name": "minecraft:lava_bucket",
          "functions": [
            {
              "function": "set_count",
              "count": 1
            }
          ]
        },
        {
          "type": "item",
          "weight": 49,
          "name": "minecraft:chainmail_chestplate",
          "functions": [
            {
              "function": "set_count",
              "count": 1
            }
          ]
        },
        {
          "type": "item",
          "weight": 96,
          "name": "minecraft:gold_ingot",
          "functions": [
            {
              "function": "set_count",
              "count": {
                "min": 4,
                "max": 16
              }
            }
          ]
        },
        {
          "type": "item",
          "weight": 77,
          "name": "minecraft:diamond",
          "functions": [
            {
              "function": "set_count",
              "count": {
                "min": 1,
                "max": 8
              }
            }
          ]
        },
        {
          "type": "item",
          "weight": 31,
          "name": "minecraft:enchanted_golden_apple",
          "functions": [
            {
              "function": "set_count",
              "count": 1
            }
          ]
        },
        {
          "type": "item",
          "weight": 600,
          "name": "minecraft:gold_ingot",
          "functions": [
            {
              "function": "set_count",
              "count": {
                "min": 1,
                "max": 3
              }
            },
            {
              "function": "set_nbt",
              "tag": "{raid_epic_bundle:1b}"
            },
            {
              "function": "set_name",
              "name": [
                {
                  "text": "Epic Bundle",
                  "color": "dark_purple",
                  "italic": "false"
                }
              ]
            },
            {
              "function": "set_lore",
              "lore": [
                {
                  "text": "raid:epic_bundle",
                  "color": "dark_gray",
                  "italic": "false"
                }
              ]
            }
          ]
        },
        {
          "type": "item",
          "weight": 180,
          "name": "minecraft:gold_ingot",
          "functions": [
            {
              "function": "set_count",
              "count": {
                "min": 1,
                "max": 3
              }
            },
            {
              "function": "set_nbt",
              "tag": "{raid_mythic_bundle:1b}"
            },
            {
              "function": "set_name",
              "name": [
                {
                  "text": "Mythic Bundle",
                  "color": "red",
                  "italic": "false"
                }
              ]
            },
            {
              "function": "set_lore",
              "lore": [
                {
                  "text": "raid:mythic_bundle",
                  "color": "dark_gray",
                  "italic": "false"
                }
              ]
            }
          ]
        },
        {
          "type": "item",
          "weight": 60,
          "name": "minecraft:gold_ingot",
          "functions": [
            {
              "function": "set_count",
              "count": {
                "min": 1,
                "max": 3
              }
            },
            {
              "function": "set_nbt",
              "tag": "{raid_legendary_bundle:1b}"
            },
            {
              "function": "set_name",
              "name": [
                {
                  "text": "Legendary Bundle",
                  "color": "gold",
                  "italic": "false"
                }
              ]
            },
            {
              "function": "set_lore",
              "lore": [
                {
                  "text": "raid:legendary_bundle",
                  "color": "dark_gray",
                  "italic": "false"
                }
              ]
            }
          ]
        },
        {
          "type": "item",
          "weight": 31,
          "name": "minecraft:totem_of_undying",
          "functions": [
            {
              "function": "set_count",
              "count": 1
            }
          ]
        }
      ]
    }
  ]
}