{
  "config": {
    "feature": {
      "feature": {
        "config": {
          "to_place": {
            "state": {
              "Name": "minecraft:jungle_leaves",
              "Properties": {
                "distance": "2",
                "persistent": "false",
                "waterlogged": "false"
              }
            },
            "type": "minecraft:simple_state_provider"
          }
        },
        "type": "minecraft:simple_block"
      },
      "placement": [
        {
          "predicate": {
            "predicates": [
              {
                "type": "minecraft:replaceable"
              },
              {
                "blocks": "minecraft:jungle_leaves",
                "offset": [
                  0,
                  1,
                  0
                ],
                "type": "minecraft:matching_blocks"
              },
              {
                "predicates": [
                  {
                    "blocks": "minecraft:jungle_leaves",
                    "offset": [
                      1,
                      1,
                      0
                    ],
                    "type": "minecraft:matching_blocks"
                  },
                  {
                    "blocks": "minecraft:jungle_leaves",
                    "offset": [
                      0,
                      1,
                      1
                    ],
                    "type": "minecraft:matching_blocks"
                  },
                  {
                    "blocks": "minecraft:jungle_leaves",
                    "offset": [
                      -1,
                      1,
                      0
                    ],
                    "type": "minecraft:matching_blocks"
                  },
                  {
                    "blocks": "minecraft:jungle_leaves",
                    "offset": [
                      0,
                      1,
                      -1
                    ],
                    "type": "minecraft:matching_blocks"
                  }
                ],
                "type": "minecraft:any_of"
              }
            ],
            "type": "minecraft:all_of"
          },
          "type": "minecraft:block_predicate_filter"
        }
      ]
    },
    "tries": 30,
    "xz_spread": 7,
    "y_spread": 4
  },
  "type": "minecraft:random_patch"
}