{
    "type": "entity",
    "pools": [
      {
        "rolls": 1,
        "entries": [
          {
            "type": "item",
            "weight": 100,
            "name": "minecraft:cobblestone",
            "functions": [
              {
                "function": "set_count",
                "count": {
                  "min": 0,
                  "max": 4
                }
              }
            ]
          },
          {
            "type": "item",
            "weight": 75,
            "name": "minecraft:amethyst_shard",
            "functions": [
              {
                "function": "set_count",
                "count": {
                  "min": 0,
                  "max": 2
                }
              }
            ]
          },
          {
            "type": "item",
            "weight": 75,
            "name": "minecraft:gunpowder",
            "functions": [
              {
                "function": "set_count",
                "count": {
                  "min": 0,
                  "max": 2
                }
              }
            ]
          },
          {
            "type": "item",
            "weight": 50,
            "name": "minecraft:emerald",
            "functions": [
              {
                "function": "set_count",
                "count": {
                  "min": 0,
                  "max": 1
                }
              }
            ]
          }
        ]
      }
    ]
  }