{
    "type": "entity",
    "pools": [
      {
        "rolls": {
          "min": 1,
          "max": 2
        },
        "entries": [
          {
            "type": "item",
            "weight": 100,
            "name": "minecraft:arrow",
            "functions": [
              {
                "function": "set_count",
                "count": {
                  "min": 0,
                  "max": 3
                }
              }
            ]
          },
          {
            "type": "item",
            "weight": 50,
            "name": "minecraft:tipped_arrow",
            "functions": [
              {
                "function": "set_count",
                "count": {
                  "min": 0,
                  "max": 3
                }
              },
              {
                "function": "set_nbt",
                "tag": "{Potion:\"minecraft:long_poison\"}"
              }
            ]
          },
          {
            "type": "item",
            "weight": 75,
            "name": "minecraft:cooked_beef",
            "functions": [
              {
                "function": "set_count",
                "count": {
                  "min": 0,
                  "max": 3
                }
              }
            ]
          },
          {
            "type": "item",
            "weight": 25,
            "name": "minecraft:emerald",
            "functions": [
              {
                "function": "set_count",
                "count": {
                  "min": 0,
                  "max": 2
                }
              }
            ]
          },
          {
            "type": "item",
            "weight": 50,
            "name": "minecraft:cooked_porkchop",
            "functions": [
              {
                "function": "set_count",
                "count": {
                  "min": 0,
                  "max": 3
                }
              }
            ]
          }
        ]
      }
    ]
}                     