{
                "type": "entity",
                "pools": [
                  {
                    "rolls": 1,
                    "entries": [
                      {
                        "type": "loot_table",
                        "weight": 1,
                        "name": "minecraft:entities/vindicator",
                        "functions": [
                          {
                            "function": "set_count",
                            "count": 1
                          }
                        ]
                      }
                    ]
                  },
                  {
                    "rolls": 1,
                    "entries": [
                      {
                        "type": "loot_table",
                        "weight": 1,
                        "name": "raid:entities/pillager_death",
                        "functions": [
                          {
                            "function": "set_count",
                            "count": 1
                          }
                        ]
                      }
                    ]
                  }
                ]
              }