{
                "type": "entity",
                "pools": [
                  {
                    "rolls": 1,
                    "entries": [
                      {
                        "type": "item",
                        "weight": 1,
                        "name": "minecraft:stick",
                        "functions": [
                          {
                            "function": "set_count",
                            "count": 1
                          },
                          {
                            "function": "set_nbt",
                            "tag": "{pillager_death:1b}"
                          }
                        ]
                      }
                    ]
                  }
                ]
              }