{
    "type": "entity",
    "pools": [
      {
        "rolls": 1,
        "entries": [
          {
            "type": "item",
            "weight": 25,
            "name": "minecraft:diamond",
            "functions": [
              {
                "function": "set_count",
                "count": 1
              }
            ]
          },
          {
            "type": "item",
            "weight": 25,
            "name": "minecraft:iron_ingot",
            "functions": [
              {
                "function": "set_count",
                "count": {
                  "min": 1,
                  "max": 12
                }
              }
            ]
          },
          {
            "type": "item",
            "weight": 25,
            "name": "minecraft:iron_helmet",
            "functions": [
              {
                "function": "set_count",
                "count": 1
              },
              {
                "function": "set_damage",
                "damage": {
                  "min": 0.1,
                  "max": 0.9
                }
              }
            ]
          },
          {
            "type": "item",
            "weight": 25,
            "name": "minecraft:iron_chestplate",
            "functions": [
              {
                "function": "set_count",
                "count": 1
              },
              {
                "function": "set_damage",
                "damage": {
                  "min": 0.1,
                  "max": 0.9
                }
              }
            ]
          },
          {
            "type": "item",
            "weight": 25,
            "name": "minecraft:iron_leggings",
            "functions": [
              {
                "function": "set_count",
                "count": 1
              },
              {
                "function": "set_damage",
                "damage": {
                  "min": 0.1,
                  "max": 0.9
                }
              }
            ]
          },
          {
            "type": "item",
            "weight": 25,
            "name": "minecraft:iron_boots",
            "functions": [
              {
                "function": "set_count",
                "count": 1
              },
              {
                "function": "set_damage",
                "damage": {
                  "min": 0.1,
                  "max": 0.9
                }
              }
            ]
          },
          {
            "type": "item",
            "weight": 50,
            "name": "minecraft:emerald",
            "functions": [
              {
                "function": "set_count",
                "count": {
                  "min": 1,
                  "max": 2
                }
              }
            ]
          },
          {
            "type": "item",
            "weight": 100,
            "name": "minecraft:gold_ingot",
            "functions": [
              {
                "function": "set_count",
                "count": {
                  "min": 1,
                  "max": 4
                }
              }
            ]
          }
        ]
      }
    ]
  }