{
    "type": "entity",
    "pools": [
      {
        "rolls": {
          "min": 1,
          "max": 1
        },
        "entries": [
          {
            "type": "item",
            "weight": 100,
            "name": "minecraft:redstone",
            "functions": [
              {
                "function": "set_count",
                "count": {
                  "min": 1,
                  "max": 6
                }
              }
            ]
          },
          {
            "type": "item",
            "weight": 25,
            "name": "minecraft:blaze_rod",
            "functions": [
              {
                "function": "set_count",
                "count": {
                  "min": 1,
                  "max": 1
                }
              }
            ]
          }
        ]
      }
    ]
  }