{
  "config": {
    "features": [
      {
        "feature": {
          "config": {
            "half_height": 0,
            "radius": 7,
            "state_provider": {
              "fallback": {
                "state": {
                  "Name": "minecraft:white_glazed_terracotta",
                  "Properties": {
                    "facing": "east"
                  }
                },
                "type": "minecraft:simple_state_provider"
              },
              "rules": []
            },
            "target": {
              "blocks": "minecraft:air",
              "offset": [
                0,
                1,
                0
              ],
              "type": "minecraft:matching_blocks"
            }
          },
          "type": "minecraft:disk"
        },
        "placement": [
          {
            "predicate": {
              "blocks": "minecraft:air",
              "type": "minecraft:matching_blocks"
            },
            "type": "minecraft:block_predicate_filter"
          }
        ]
      },
      {
        "feature": {
          "config": {
            "depth": 1,
            "extra_bottom_block_chance": 0.0,
            "extra_edge_column_chance": 0.5,
            "ground_state": {
              "state": {
                "Name": "minecraft:orange_glazed_terracotta",
                "Properties": {
                  "facing": "east"
                }
              },
              "type": "minecraft:simple_state_provider"
            },
            "replaceable": "#arboria:island/white_glazed_terracotta",
            "surface": "floor",
            "vegetation_chance": 0.8,
            "vegetation_feature": {
              "feature": {
                "config": {
                  "decorators": [],
                  "dirt_provider": {
                    "state": {
                      "Name": "minecraft:air"
                    },
                    "type": "minecraft:simple_state_provider"
                  },
                  "foliage_placer": {
                    "height": 0,
                    "offset": 2,
                    "radius": {
                      "value": {
                        "min_inclusive": 4,
                        "max_inclusive": 8
                      },
                      "type": "minecraft:uniform"
                    },
                    "type": "minecraft:fancy_foliage_placer"
                  },
                  "foliage_provider": {
                    "state": {
                      "Name": "minecraft:orange_glazed_terracotta",
                      "Properties": {
                        "facing": "east"
                      }
                    },
                    "type": "minecraft:simple_state_provider"
                  },
                  "force_dirt": false,
                  "ignore_vines": true,
                  "minimum_size": {
                    "limit": 0,
                    "lower_size": 0,
                    "upper_size": 0,
                    "type": "minecraft:two_layers_feature_size"
                  },
                  "trunk_placer": {
                    "base_height": 1,
                    "height_rand_a": 0,
                    "height_rand_b": 0,
                    "type": "minecraft:straight_trunk_placer"
                  },
                  "trunk_provider": {
                    "state": {
                      "Name": "minecraft:air"
                    },
                    "type": "minecraft:simple_state_provider"
                  }
                },
                "type": "minecraft:tree"
              },
              "placement": [
                {
                  "xz_spread": 0,
                  "y_spread": -4,
                  "type": "minecraft:random_offset"
                }
              ]
            },
            "vertical_range": 1,
            "xz_radius": 5
          },
          "type": "minecraft:vegetation_patch"
        },
        "placement": [
          {
            "predicate": {
              "blocks": "minecraft:white_glazed_terracotta",
              "type": "minecraft:matching_blocks"
            },
            "type": "minecraft:block_predicate_filter"
          }
        ]
      },
      {
        "feature": {
          "config": {
            "depth": 1,
            "extra_bottom_block_chance": 0.0,
            "extra_edge_column_chance": 0.0,
            "ground_state": {
              "state": {
                "Name": "minecraft:orange_glazed_terracotta",
                "Properties": {
                  "facing": "east"
                }
              },
              "type": "minecraft:simple_state_provider"
            },
            "replaceable": "#arboria:island/white_orange",
            "surface": "floor",
            "vegetation_chance": 1.0,
            "vegetation_feature": {
              "feature": {
                "config": {
                  "allowed_placement": {
                    "predicates": [
                      {
                        "fluids": [
                          "minecraft:water",
                          "minecraft:flowing_water"
                        ],
                        "offset": [
                          0,
                          -1,
                          0
                        ],
                        "type": "minecraft:matching_fluids"
                      },
                      {
                        "offset": [
                          0,
                          -1,
                          0
                        ],
                        "type": "minecraft:solid"
                      }
                    ],
                    "type": "minecraft:any_of"
                  },
                  "direction": "up",
                  "layers": [
                    {
                      "height": 50,
                      "provider": {
                        "state": {
                          "Name": "minecraft:stone"
                        },
                        "type": "minecraft:simple_state_provider"
                      }
                    }
                  ],
                  "prioritize_tip": false
                },
                "type": "minecraft:block_column"
              },
              "placement": [
                {
                  "heightmap": "OCEAN_FLOOR_WG",
                  "type": "minecraft:heightmap"
                },
                {
                  "predicate": {
                    "predicate": {
                      "blocks": "minecraft:stone",
                      "type": "minecraft:matching_blocks"
                    },
                    "type": "minecraft:not"
                  },
                  "type": "minecraft:block_predicate_filter"
                },
                {
                  "xz_spread": 0,
                  "y_spread": -1,
                  "type": "minecraft:random_offset"
                }
              ]
            },
            "vertical_range": 1,
            "xz_radius": 14
          },
          "type": "minecraft:vegetation_patch"
        },
        "placement": [
          {
            "predicate": {
              "predicates": [
                {
                  "fluids": [
                    "minecraft:water",
                    "minecraft:flowing_water"
                  ],
                  "offset": [
                    0,
                    -10,
                    0
                  ],
                  "type": "minecraft:matching_fluids"
                },
                {
                  "blocks": "minecraft:orange_glazed_terracotta",
                  "type": "minecraft:matching_blocks"
                }
              ],
              "type": "minecraft:all_of"
            },
            "type": "minecraft:block_predicate_filter"
          }
        ]
      }
    ]
  },
  "type": "minecraft:simple_random_selector"
}