{
  "config": {
    "features": [
      {
        "feature": {
          "config": {
            "depth": 1,
            "extra_bottom_block_chance": 0.0,
            "extra_edge_column_chance": 0.0,
            "ground_state": {
              "state": {
                "Name": "minecraft:magenta_glazed_terracotta",
                "Properties": {
                  "facing": "east"
                }
              },
              "type": "minecraft:simple_state_provider"
            },
            "replaceable": "#arboria:island/orange_glazed_terracotta",
            "surface": "floor",
            "vegetation_chance": 1.0,
            "vegetation_feature": {
              "feature": {
                "config": {
                  "half_height": 0,
                  "radius": 6,
                  "state_provider": {
                    "fallback": {
                      "state": {
                        "Name": "minecraft:magenta_glazed_terracotta",
                        "Properties": {
                          "facing": "east"
                        }
                      },
                      "type": "minecraft:simple_state_provider"
                    },
                    "rules": []
                  },
                  "target": {
                    "blocks": "minecraft:air",
                    "offset": [
                      0,
                      1,
                      0
                    ],
                    "type": "minecraft:matching_blocks"
                  }
                },
                "type": "minecraft:disk"
              },
              "placement": [
                {
                  "predicate": {
                    "predicates": [
                      {
                        "blocks": "minecraft:air",
                        "offset": [
                          1,
                          -1,
                          0
                        ],
                        "type": "minecraft:matching_blocks"
                      },
                      {
                        "blocks": "minecraft:air",
                        "offset": [
                          0,
                          -1,
                          1
                        ],
                        "type": "minecraft:matching_blocks"
                      },
                      {
                        "blocks": "minecraft:air",
                        "offset": [
                          -1,
                          -1,
                          0
                        ],
                        "type": "minecraft:matching_blocks"
                      },
                      {
                        "blocks": "minecraft:air",
                        "offset": [
                          0,
                          -1,
                          -1
                        ],
                        "type": "minecraft:matching_blocks"
                      }
                    ],
                    "type": "minecraft:any_of"
                  },
                  "type": "minecraft:block_predicate_filter"
                },
                {
                  "xz_spread": 0,
                  "y_spread": -1,
                  "type": "minecraft:random_offset"
                }
              ]
            },
            "vertical_range": 1,
            "xz_radius": 14
          },
          "type": "minecraft:vegetation_patch"
        },
        "placement": [
          {
            "predicate": {
              "blocks": "minecraft:orange_glazed_terracotta",
              "type": "minecraft:matching_blocks"
            },
            "type": "minecraft:block_predicate_filter"
          }
        ]
      },
      {
        "feature": {
          "config": {
            "depth": 1,
            "extra_bottom_block_chance": 0.0,
            "extra_edge_column_chance": 0.0,
            "ground_state": {
              "state": {
                "Name": "minecraft:light_blue_glazed_terracotta",
                "Properties": {
                  "facing": "east"
                }
              },
              "type": "minecraft:simple_state_provider"
            },
            "replaceable": "#arboria:island/magenta_light_blue",
            "surface": "floor",
            "vegetation_chance": 1.0,
            "vegetation_feature": {
              "feature": "arboria:island/ocean/column_1",
              "placement": [
                {
                  "heightmap": "WORLD_SURFACE_WG",
                  "type": "minecraft:heightmap"
                },
                {
                  "predicate": {
                    "predicates": [
                      {
                        "blocks": "minecraft:stone",
                        "offset": [
                          1,
                          -4,
                          0
                        ],
                        "type": "minecraft:matching_blocks"
                      },
                      {
                        "blocks": "minecraft:stone",
                        "offset": [
                          0,
                          -4,
                          1
                        ],
                        "type": "minecraft:matching_blocks"
                      },
                      {
                        "blocks": "minecraft:stone",
                        "offset": [
                          -1,
                          -4,
                          0
                        ],
                        "type": "minecraft:matching_blocks"
                      },
                      {
                        "blocks": "minecraft:stone",
                        "offset": [
                          0,
                          -4,
                          -1
                        ],
                        "type": "minecraft:matching_blocks"
                      }
                    ],
                    "type": "minecraft:any_of"
                  },
                  "type": "minecraft:block_predicate_filter"
                },
                {
                  "heightmap": "OCEAN_FLOOR_WG",
                  "type": "minecraft:heightmap"
                },
                {
                  "predicate": {
                    "predicate": {
                      "blocks": "minecraft:stone",
                      "type": "minecraft:matching_blocks"
                    },
                    "type": "minecraft:not"
                  },
                  "type": "minecraft:block_predicate_filter"
                },
                {
                  "xz_spread": 0,
                  "y_spread": -1,
                  "type": "minecraft:random_offset"
                }
              ]
            },
            "vertical_range": 1,
            "xz_radius": 20
          },
          "type": "minecraft:vegetation_patch"
        },
        "placement": [
          {
            "predicate": {
              "blocks": "minecraft:magenta_glazed_terracotta",
              "type": "minecraft:matching_blocks"
            },
            "type": "minecraft:block_predicate_filter"
          },
          {
            "count": 2,
            "type": "minecraft:count"
          }
        ]
      },
      {
        "feature": {
          "config": {
            "depth": 1,
            "extra_bottom_block_chance": 0.0,
            "extra_edge_column_chance": 0.0,
            "ground_state": {
              "state": {
                "Name": "minecraft:yellow_glazed_terracotta",
                "Properties": {
                  "facing": "east"
                }
              },
              "type": "minecraft:simple_state_provider"
            },
            "replaceable": "#arboria:island/light_blue_yellow",
            "surface": "floor",
            "vegetation_chance": 1.0,
            "vegetation_feature": {
              "feature": "arboria:island/ocean/column_2",
              "placement": [
                {
                  "heightmap": "OCEAN_FLOOR_WG",
                  "type": "minecraft:heightmap"
                },
                {
                  "predicate": {
                    "predicate": {
                      "blocks": "minecraft:stone",
                      "type": "minecraft:matching_blocks"
                    },
                    "type": "minecraft:not"
                  },
                  "type": "minecraft:block_predicate_filter"
                },
                {
                  "predicate": {
                    "predicates": [
                      {
                        "blocks": "minecraft:stone",
                        "offset": [
                          1,
                          4,
                          0
                        ],
                        "type": "minecraft:matching_blocks"
                      },
                      {
                        "blocks": "minecraft:stone",
                        "offset": [
                          0,
                          4,
                          1
                        ],
                        "type": "minecraft:matching_blocks"
                      },
                      {
                        "blocks": "minecraft:stone",
                        "offset": [
                          -1,
                          4,
                          0
                        ],
                        "type": "minecraft:matching_blocks"
                      },
                      {
                        "blocks": "minecraft:stone",
                        "offset": [
                          0,
                          4,
                          -1
                        ],
                        "type": "minecraft:matching_blocks"
                      }
                    ],
                    "type": "minecraft:any_of"
                  },
                  "type": "minecraft:block_predicate_filter"
                },
                {
                  "xz_spread": 0,
                  "y_spread": -1,
                  "type": "minecraft:random_offset"
                }
              ]
            },
            "vertical_range": 1,
            "xz_radius": 20
          },
          "type": "minecraft:vegetation_patch"
        },
        "placement": [
          {
            "predicate": {
              "blocks": "minecraft:light_blue_glazed_terracotta",
              "type": "minecraft:matching_blocks"
            },
            "type": "minecraft:block_predicate_filter"
          },
          {
            "count": 5,
            "type": "minecraft:count"
          }
        ]
      }
    ]
  },
  "type": "minecraft:simple_random_selector"
}