{
    "condition": "minecraft:entity_properties",
    "entity": "this",
    "predicate": {
      "equipment": {
        "offhand": {
          "items": [
            "minecraft:coal",
            "minecraft:lapis_lazuli",
            "minecraft:redstone",
            "minecraft:copper_ingot",
            "minecraft:iron_ingot",
            "minecraft:amethyst_shard",
            "minecraft:gold_ingot",
            "minecraft:emerald",
            "minecraft:diamond",
            "minecraft:quartz",
            "minecraft:netherite_ingot"
          ]
        }
      }
    }
  }
  