{
  "config": {
    "feature": {
      "feature": {
        "config": {
          "to_place": {
            "state": {
              "Name": "minecraft:air"
            },
            "type": "minecraft:simple_state_provider"
          }
        },
        "type": "minecraft:simple_block"
      },
      "placement": [
        {
          "predicate": {
            "blocks": "minecraft:jungle_leaves",
            "type": "minecraft:matching_blocks"
          },
          "type": "minecraft:block_predicate_filter"
        },
        {
          "predicate": {
            "predicates": [
              {
                "predicates": [
                  {
                    "blocks": "minecraft:air",
                    "offset": [
                      1,
                      0,
                      0
                    ],
                    "type": "minecraft:matching_blocks"
                  },
                  {
                    "blocks": "minecraft:air",
                    "offset": [
                      1,
                      0,
                      1
                    ],
                    "type": "minecraft:matching_blocks"
                  },
                  {
                    "blocks": "minecraft:air",
                    "offset": [
                      1,
                      0,
                      -1
                    ],
                    "type": "minecraft:matching_blocks"
                  },
                  {
                    "blocks": "minecraft:jungle_leaves",
                    "offset": [
                      -1,
                      0,
                      0
                    ],
                    "type": "minecraft:matching_blocks"
                  }
                ],
                "type": "minecraft:all_of"
              },
              {
                "predicates": [
                  {
                    "blocks": "minecraft:air",
                    "offset": [
                      -1,
                      0,
                      0
                    ],
                    "type": "minecraft:matching_blocks"
                  },
                  {
                    "blocks": "minecraft:air",
                    "offset": [
                      -1,
                      0,
                      1
                    ],
                    "type": "minecraft:matching_blocks"
                  },
                  {
                    "blocks": "minecraft:air",
                    "offset": [
                      -1,
                      0,
                      -1
                    ],
                    "type": "minecraft:matching_blocks"
                  },
                  {
                    "blocks": "minecraft:jungle_leaves",
                    "offset": [
                      1,
                      0,
                      0
                    ],
                    "type": "minecraft:matching_blocks"
                  }
                ],
                "type": "minecraft:all_of"
              },
              {
                "predicates": [
                  {
                    "blocks": "minecraft:air",
                    "offset": [
                      0,
                      0,
                      1
                    ],
                    "type": "minecraft:matching_blocks"
                  },
                  {
                    "blocks": "minecraft:air",
                    "offset": [
                      1,
                      0,
                      1
                    ],
                    "type": "minecraft:matching_blocks"
                  },
                  {
                    "blocks": "minecraft:air",
                    "offset": [
                      -1,
                      0,
                      1
                    ],
                    "type": "minecraft:matching_blocks"
                  },
                  {
                    "blocks": "minecraft:jungle_leaves",
                    "offset": [
                      0,
                      0,
                      -1
                    ],
                    "type": "minecraft:matching_blocks"
                  }
                ],
                "type": "minecraft:all_of"
              },
              {
                "predicates": [
                  {
                    "blocks": "minecraft:air",
                    "offset": [
                      0,
                      0,
                      -1
                    ],
                    "type": "minecraft:matching_blocks"
                  },
                  {
                    "blocks": "minecraft:air",
                    "offset": [
                      1,
                      0,
                      -1
                    ],
                    "type": "minecraft:matching_blocks"
                  },
                  {
                    "blocks": "minecraft:air",
                    "offset": [
                      -1,
                      0,
                      -1
                    ],
                    "type": "minecraft:matching_blocks"
                  },
                  {
                    "blocks": "minecraft:jungle_leaves",
                    "offset": [
                      0,
                      0,
                      1
                    ],
                    "type": "minecraft:matching_blocks"
                  }
                ],
                "type": "minecraft:all_of"
              }
            ],
            "type": "minecraft:any_of"
          },
          "type": "minecraft:block_predicate_filter"
        },
        {
          "predicate": {
            "predicate": {
              "predicates": [
                {
                  "blocks": "minecraft:air",
                  "offset": [
                    1,
                    -1,
                    0
                  ],
                  "type": "minecraft:matching_blocks"
                },
                {
                  "blocks": "minecraft:air",
                  "offset": [
                    0,
                    -1,
                    1
                  ],
                  "type": "minecraft:matching_blocks"
                },
                {
                  "blocks": "minecraft:air",
                  "offset": [
                    -1,
                    -1,
                    0
                  ],
                  "type": "minecraft:matching_blocks"
                },
                {
                  "blocks": "minecraft:air",
                  "offset": [
                    0,
                    -1,
                    -1
                  ],
                  "type": "minecraft:matching_blocks"
                },
                {
                  "blocks": "minecraft:jungle_leaves",
                  "offset": [
                    0,
                    -1,
                    0
                  ],
                  "type": "minecraft:matching_blocks"
                }
              ],
              "type": "minecraft:all_of"
            },
            "type": "minecraft:not"
          },
          "type": "minecraft:block_predicate_filter"
        }
      ]
    },
    "tries": 20,
    "xz_spread": 7,
    "y_spread": 9
  },
  "type": "minecraft:random_patch"
}