{
	"type": "minecraft:block",
	"pools": [
	  {
		"rolls": 1,
		"entries": [
		  {
			"type": "minecraft:item",
			"name": "minecraft:chorus_fruit",
			"conditions": [
			  {
				"condition": "minecraft:inverted",
				"term": {
				  "condition": "minecraft:match_tool",
				  "predicate": {
					"nbt": "{du_auto_smelt:1b}"
				  }
				}
			  }
			],
			"functions": [
				{
				  "function": "minecraft:set_count",
				  "count": {
					"min": 0.0,
					"max": 1.0,
					"type": "minecraft:uniform"
				  }
				},
				{
				  "function": "minecraft:explosion_decay"
				}
			]
		  },
		  {
			"type": "minecraft:item",
			"name": "minecraft:popped_chorus_fruit",
			"conditions": [
			  {
				"condition": "minecraft:match_tool",
				"predicate": {
				  "nbt": "{du_auto_smelt:1b}"
				}
			  }
			],
			"functions": [
				{
				  "function": "minecraft:set_count",
				  "count": {
					"min": 0.0,
					"max": 1.0,
					"type": "minecraft:uniform"
				  }
				}
			]
		  }
		]
	  }
	],
	"__smithed__": {
	  "rules": [
		{
		  "type":"smithed:append",
		  "target":"pools[0].entries",
		  "source":{
			"type":"smithed:reference",
			"path":"pools[0].entries[1]"
		  }
		},
		{
		  "type":"smithed:append",
		  "target":"pools[0].entries[0].conditions",
		  "source":{
			"type":"smithed:reference",
			"path":"pools[0].entries[0].conditions[0]"
		  }
		}
	  ]
	}
  }