{
  "type": "minecraft:block",
  "pools": [
    {
      "rolls": 1,
      "entries": [
        {
          "type": "minecraft:alternatives",
          "children": [
            {
              "type": "minecraft:item",
              "conditions": [
                {
                  "condition": "minecraft:match_tool",
                  "predicate": {
                    "enchantments": [
                      {
                        "enchantment": "minecraft:silk_touch",
                        "levels": {
                          "min": 1
                        }
                      }
                    ]
                  }
                },
                {
                  "condition": "minecraft:match_tool",
                  "predicate": {
                    "nbt": "{du_auto_smelt:1b}"
                  }
                }
              ],
              "name": "minecraft:terracotta"
            },
            {
              "type": "minecraft:item",
              "name": "minecraft:brick",
              "conditions": [
                {
                  "condition": "minecraft:match_tool",
                  "predicate": {
                    "nbt": "{du_auto_smelt:1b}"
                  }
                }
              ],
              "functions": [
                {
                  "function": "minecraft:set_count",
                  "count": 4
                }
              ]
            },
            {
              "type": "minecraft:item",
              "conditions": [
                {
                  "condition": "minecraft:match_tool",
                  "predicate": {
                    "enchantments": [
                      {
                        "enchantment": "minecraft:silk_touch",
                        "levels": {
                          "min": 1
                        }
                      }
                    ]
                  }
                }
              ],
              "name": "minecraft:clay"
            },
            {
              "type": "minecraft:item",
              "functions": [
                {
                  "function": "minecraft:set_count",
                  "count": 4
                },
                {
                  "function": "minecraft:explosion_decay"
                }
              ],
              "name": "minecraft:clay_ball"
            }
          ]
        }
      ]
    }
  ],
  "__smithed__": {
    "rules":[
      {
        "type":"smithed:prepend",
        "target":"pools[0].entries[0].children",
        "source": {
          "type":"smithed:reference",
          "path":"pools[0].entries[0].children[1]"
        }
      },
      {
        "type":"smithed:prepend",
        "target":"pools[0].entries[0].children",
        "source": {
          "type":"smithed:reference",
          "path":"pools[0].entries[0].children[0]"
        }
      }
    ]
  }
}