{
  "type": "minecraft:block",
  "pools": [
    {
      "rolls": 1,
      "entries": [
        {
          "type": "minecraft:item",
          "name": "minecraft:stripped_oak_log",
          "conditions": [
            {
              "condition": "minecraft:inverted",
              "term": {
                "condition": "minecraft:match_tool",
                "predicate": {
                  "nbt": "{du_auto_smelt:1b}"
                }
              }
            }
          ]
        },
        {
          "type": "minecraft:item",
          "name": "minecraft:charcoal",
          "conditions": [
            {
              "condition": "minecraft:match_tool",
              "predicate": {
                "nbt": "{du_auto_smelt:1b}"
              }
            }
          ]
        }
      ],
      "conditions": [
        {
          "condition": "minecraft:survives_explosion"
        }
      ]
    }
  ],
  "__smithed__": {
    "rules": [
      {
        "type":"smithed:append",
        "target":"pools[0].entries",
        "source":{
          "type":"smithed:reference",
          "path":"pools[0].entries[1]"
        }
      },
      {
        "type":"smithed:append",
        "target":"pools[0].entries[0].conditions",
        "source":{
          "type":"smithed:reference",
          "path":"pools[0].entries[0].conditions[0]"
        }
      }
    ]
  }
}