{
  "feature": "minecraft:forest_flowers",
  "placement": [
    {
      "type": "minecraft:rarity_filter",
      "chance": 2
    },
    {
      "type": "minecraft:in_square"
    },
    {
      "type": "minecraft:heightmap",
      "heightmap": "MOTION_BLOCKING"
    },
    {
      "type": "minecraft:count",
      "count": {
        "type": "minecraft:clamped",
        "value": {
          "max_inclusive": 2,
          "min_inclusive": 0,
          "source": {
            "type": "minecraft:uniform",
            "value": {
              "max_inclusive": 1,
              "min_inclusive": -3
            }
          }
        }
      }
    },
    {
      "type": "minecraft:biome"
    }
  ]
}