{
    "type": "entity",
    "pools": [
      {
        "rolls": 1,
        "entries": [
            {
                "type": "item",
                "weight": 1,
                "name": "minecraft:goat_horn",
                "functions": [
                  {
                    "function": "set_count",
                    "count": 1
                  },
                  {
                    "function": "set_nbt",
                    "tag": "{raid:emerald_raid_horn,mcs_mob:1b,instrument:\"minecraft:seek_goat_horn\"}"
                  },
                  {
                    "function": "set_name",
                    "name": [
                      {
                        "text": "Emerald Raid Horn",
                        "italic": "false"
                      }
                    ]
                  },
                  {
                    "function": "set_lore",
                    "lore": [
                      {
                        "text": "raid:emerald_raid_horn",
                        "color": "dark_gray",
                        "italic": "false"
                      }
                    ]
                  }
                ]
              },  
          {
            "type": "item",
            "weight": 1,
            "name": "minecraft:goat_horn",
            "functions": [
              {
                "function": "set_count",
                "count": 1
              },
              {
                "function": "set_nbt",
                "tag": "{instrument:\"minecraft:ponder_goat_horn\"}"
              }
            ]
          },
          {
            "type": "item",
            "weight": 1,
            "name": "minecraft:goat_horn",
            "functions": [
              {
                "function": "set_count",
                "count": 1
              },
              {
                "function": "set_nbt",
                "tag": "{instrument:\"minecraft:sing_goat_horn\"}"
              }
            ]
          },
          {
            "type": "item",
            "weight": 1,
            "name": "minecraft:goat_horn",
            "functions": [
              {
                "function": "set_count",
                "count": 1
              },
              {
                "function": "set_nbt",
                "tag": "{instrument:\"minecraft:seek_goat_horn\"}"
              }
            ]
          },
          {
            "type": "item",
            "weight": 1,
            "name": "minecraft:goat_horn",
            "functions": [
              {
                "function": "set_count",
                "count": 1
              },
              {
                "function": "set_nbt",
                "tag": "{instrument:\"minecraft:feel_goat_horn\"}"
              }
            ]
          },
          {
            "type": "item",
            "weight": 1,
            "name": "minecraft:goat_horn",
            "functions": [
              {
                "function": "set_count",
                "count": 1
              },
              {
                "function": "set_nbt",
                "tag": "{instrument:\"minecraft:admire_goat_horn\"}"
              }
            ]
          },
          {
            "type": "item",
            "weight": 1,
            "name": "minecraft:goat_horn",
            "functions": [
              {
                "function": "set_count",
                "count": 1
              },
              {
                "function": "set_nbt",
                "tag": "{instrument:\"minecraft:call_goat_horn\"}"
              }
            ]
          },
          {
            "type": "item",
            "weight": 1,
            "name": "minecraft:goat_horn",
            "functions": [
              {
                "function": "set_count",
                "count": 1
              },
              {
                "function": "set_nbt",
                "tag": "{instrument:\"minecraft:yearn_goat_horn\"}"
              }
            ]
          },
          {
            "type": "item",
            "weight": 1,
            "name": "minecraft:goat_horn",
            "functions": [
              {
                "function": "set_count",
                "count": 1
              },
              {
                "function": "set_nbt",
                "tag": "{instrument:\"minecraft:dream_goat_horn\"}"
              }
            ]
          }
        ]
      }
    ]
  }