{
  "condition": "minecraft:alternative",
  "terms": [
    {
      "condition": "minecraft:entity_properties",
      "entity": "this",
      "predicate": {
        "type": "minecraft:villager",
        "nbt": "{VillagerData:{profession:\"minecraft:fletcher\"}}"
      }
    },
    {
      "condition": "minecraft:entity_properties",
      "entity": "this",
      "predicate": {
        "type": "minecraft:villager",
        "nbt": "{VillagerData:{profession:\"minecraft:weaponsmith\"}}"
      }
    }
  ]
}
