{
    "condition": "minecraft:alternative",
    "terms": [
      {
        "condition": "minecraft:entity_properties",
        "entity": "this",
        "predicate": {
          "nbt": "{Tags:[\"villager_guard\"]}",
          "team": "player"
        }
      },
      {
        "condition": "minecraft:entity_properties",
        "entity": "this",
        "predicate": {
          "type": "minecraft:wandering_trader",
          "team": "player"
        }
      },
      {
        "condition": "minecraft:entity_properties",
        "entity": "this",
        "predicate": {
          "type": "minecraft:villager",
          "team": "player"
        }
      }
    ]
  }