{
  "feature": "geophilic:trees/desert/dead_oak",
  "placement": [
    {
      "type": "minecraft:count",
      "count": 2
    },
    {
      "type": "minecraft:rarity_filter",
      "chance": 32
    },
    {
      "type": "minecraft:heightmap",
      "heightmap": "OCEAN_FLOOR"
    },
    {
      "type": "minecraft:in_square"
    },
    {
      "type": "minecraft:biome"
    },
    {
      "type": "minecraft:block_predicate_filter",
      "predicate": {
        "type": "minecraft:all_of",
        "predicates": [
          {
            "type": "minecraft:matching_blocks",
            "blocks": "minecraft:air"
          },
          {
            "type": "minecraft:would_survive",
            "state": {
              "Name": "minecraft:cactus",
              "Properties": {
                "age": "0"
              }
            }
          }
        ]
      }
    }
  ]
}