{
    "condition": "minecraft:alternative",
    "terms": [
      {
        "condition": "minecraft:entity_properties",
        "entity": "this",
        "predicate": {
          "effects": {
            "minecraft:poison": {}
          }
        }
      },
      {
        "condition": "minecraft:entity_properties",
        "entity": "this",
        "predicate": {
          "effects": {
            "minecraft:slowness": {}
          }
        }
      },
      {
        "condition": "minecraft:entity_properties",
        "entity": "this",
        "predicate": {
          "effects": {
            "minecraft:weakness": {}
          }
        }
      }
    ]
  }
  