{
    "type": "generic",
    "pools": [
      {
        "rolls": {
          "min": 1,
          "max": 6
        },
        "entries": [
          {
            "type": "item",
            "weight": 1,
            "name": "minecraft:blue_ice",
            "functions": [
              {
                "function": "set_count",
                "count": {
                  "min": 1,
                  "max": 2
                }
              }
            ]
          },
          {
            "type": "item",
            "weight": 2,
            "name": "minecraft:tropical_fish_bucket",
            "functions": [
              {
                "function": "set_count",
                "count": 1
              }
            ]
          },
          {
            "type": "item",
            "weight": 2,
            "name": "minecraft:pufferfish_bucket",
            "functions": [
              {
                "function": "set_count",
                "count": 1
              }
            ]
          },
          {
            "type": "item",
            "weight": 4,
            "name": "minecraft:packed_ice",
            "functions": [
              {
                "function": "set_count",
                "count": {
                  "min": 3,
                  "max": 5
                }
              }
            ]
          },
          {
            "type": "item",
            "weight": 4,
            "name": "minecraft:podzol",
            "functions": [
              {
                "function": "set_count",
                "count": {
                  "min": 3,
                  "max": 5
                }
              }
            ]
          },
          {
            "type": "item",
            "weight": 6,
            "name": "minecraft:gunpowder",
            "functions": [
              {
                "function": "set_count",
                "count": {
                  "min": 1,
                  "max": 3
                }
              }
            ]
          },
          {
            "type": "item",
            "weight": 2,
            "name": "minecraft:nautilus_shell",
            "functions": [
              {
                "function": "set_count",
                "count": {
                  "min": 1,
                  "max": 2
                }
              }
            ]
          },
          {
            "type": "item",
            "weight": 2,
            "name": "minecraft:mangrove_propagule",
            "functions": [
              {
                "function": "set_count",
                "count": {
                  "min": 1,
                  "max": 3
                }
              }
            ]
          },
          {
            "type": "item",
            "weight": 2,
            "name": "minecraft:spruce_sapling",
            "functions": [
              {
                "function": "set_count",
                "count": {
                  "min": 1,
                  "max": 3
                }
              }
            ]
          },
          {
            "type": "item",
            "weight": 2,
            "name": "minecraft:oak_sapling",
            "functions": [
              {
                "function": "set_count",
                "count": {
                  "min": 1,
                  "max": 3
                }
              }
            ]
          },
          {
            "type": "item",
            "weight": 2,
            "name": "minecraft:jungle_sapling",
            "functions": [
              {
                "function": "set_count",
                "count": {
                  "min": 1,
                  "max": 3
                }
              }
            ]
          },
          {
            "type": "item",
            "weight": 2,
            "name": "minecraft:dark_oak_sapling",
            "functions": [
              {
                "function": "set_count",
                "count": {
                  "min": 1,
                  "max": 3
                }
              }
            ]
          },
          {
            "type": "item",
            "weight": 2,
            "name": "minecraft:birch_sapling",
            "functions": [
              {
                "function": "set_count",
                "count": {
                  "min": 1,
                  "max": 3
                }
              }
            ]
          },
          {
            "type": "item",
            "weight": 2,
            "name": "minecraft:acacia_sapling",
            "functions": [
              {
                "function": "set_count",
                "count": {
                  "min": 1,
                  "max": 3
                }
              }
            ]
          },
          {
            "type": "item",
            "weight": 3,
            "name": "minecraft:slime_ball",
            "functions": [
              {
                "function": "set_count",
                "count": {
                  "min": 1,
                  "max": 2
                }
              }
            ]
          },
          {
            "type": "item",
            "weight": 4,
            "name": "minecraft:kelp",
            "functions": [
              {
                "function": "set_count",
                "count": {
                  "min": 1,
                  "max": 4
                }
              }
            ]
          },
          {
            "type": "item",
            "weight": 4,
            "name": "minecraft:bubble_coral_block",
            "functions": [
              {
                "function": "set_count",
                "count": {
                  "min": 1,
                  "max": 3
                }
              }
            ]
          },
          {
            "type": "item",
            "weight": 4,
            "name": "minecraft:horn_coral_block",
            "functions": [
              {
                "function": "set_count",
                "count": {
                  "min": 1,
                  "max": 3
                }
              }
            ]
          },
          {
            "type": "item",
            "weight": 4,
            "name": "minecraft:fire_coral_block",
            "functions": [
              {
                "function": "set_count",
                "count": {
                  "min": 1,
                  "max": 3
                }
              }
            ]
          },
          {
            "type": "item",
            "weight": 4,
            "name": "minecraft:bubble_coral_block",
            "functions": [
              {
                "function": "set_count",
                "count": {
                  "min": 1,
                  "max": 3
                }
              }
            ]
          },
          {
            "type": "item",
            "weight": 4,
            "name": "minecraft:brain_coral_block",
            "functions": [
              {
                "function": "set_count",
                "count": {
                  "min": 1,
                  "max": 3
                }
              }
            ]
          },
          {
            "type": "item",
            "weight": 4,
            "name": "minecraft:cactus",
            "functions": [
              {
                "function": "set_count",
                "count": {
                  "min": 1,
                  "max": 3
                }
              }
            ]
          },
          {
            "type": "item",
            "weight": 5,
            "name": "minecraft:sea_pickle",
            "functions": [
              {
                "function": "set_count",
                "count": {
                  "min": 1,
                  "max": 2
                }
              }
            ]
          },
          {
            "type": "item",
            "weight": 5,
            "name": "minecraft:glowstone",
            "functions": [
              {
                "function": "set_count",
                "count": {
                  "min": 1,
                  "max": 2
                }
              }
            ]
          },
          {
            "type": "item",
            "weight": 6,
            "name": "minecraft:sand",
            "functions": [
              {
                "function": "set_count",
                "count": {
                  "min": 8,
                  "max": 11
                }
              }
            ]
          },
          {
            "type": "item",
            "weight": 6,
            "name": "minecraft:red_sand",
            "functions": [
              {
                "function": "set_count",
                "count": {
                  "min": 4,
                  "max": 6
                }
              }
            ]
          },
          {
            "type": "item",
            "weight": 6,
            "name": "minecraft:small_dripleaf",
            "functions": [
              {
                "function": "set_count",
                "count": {
                  "min": 2,
                  "max": 4
                }
              }
            ]
          },
          {
            "type": "item",
            "weight": 6,
            "name": "minecraft:rooted_dirt",
            "functions": [
              {
                "function": "set_count",
                "count": {
                  "min": 2,
                  "max": 4
                }
              }
            ]
          },
          {
            "type": "item",
            "weight": 6,
            "name": "minecraft:pointed_dripstone",
            "functions": [
              {
                "function": "set_count",
                "count": {
                  "min": 2,
                  "max": 4
                }
              }
            ]
          },
          {
            "type": "item",
            "weight": 6,
            "name": "minecraft:moss_block",
            "functions": [
              {
                "function": "set_count",
                "count": {
                  "min": 2,
                  "max": 4
                }
              }
            ]
          },
          {
            "type": "item",
            "weight": 6,
            "name": "minecraft:lily_pad",
            "functions": [
              {
                "function": "set_count",
                "count": {
                  "min": 2,
                  "max": 4
                }
              }
            ]
          },
          {
            "type": "item",
            "weight": 6,
            "name": "minecraft:vine",
            "functions": [
              {
                "function": "set_count",
                "count": {
                  "min": 1,
                  "max": 4
                }
              }
            ]
          },
          {
            "type": "item",
            "weight": 6,
            "name": "minecraft:sugar_cane",
            "functions": [
              {
                "function": "set_count",
                "count": {
                  "min": 1,
                  "max": 3
                }
              }
            ]
          },
          {
            "type": "item",
            "weight": 6,
            "name": "minecraft:pumpkin",
            "functions": [
              {
                "function": "set_count",
                "count": 1
              }
            ]
          },
          {
            "type": "item",
            "weight": 6,
            "name": "minecraft:wheat_seeds",
            "functions": [
              {
                "function": "set_count",
                "count": {
                  "min": 1,
                  "max": 4
                }
              }
            ]
          },
          {
            "type": "item",
            "weight": 6,
            "name": "minecraft:pumpkin_seeds",
            "functions": [
              {
                "function": "set_count",
                "count": {
                  "min": 1,
                  "max": 4
                }
              }
            ]
          },
          {
            "type": "item",
            "weight": 6,
            "name": "minecraft:melon_seeds",
            "functions": [
              {
                "function": "set_count",
                "count": {
                  "min": 1,
                  "max": 4
                }
              }
            ]
          },
          {
            "type": "item",
            "weight": 6,
            "name": "minecraft:beetroot_seeds",
            "functions": [
              {
                "function": "set_count",
                "count": {
                  "min": 1,
                  "max": 4
                }
              }
            ]
          },
          {
            "type": "item",
            "weight": 6,
            "name": "minecraft:red_mushroom",
            "functions": [
              {
                "function": "set_count",
                "count": {
                  "min": 1,
                  "max": 4
                }
              }
            ]
          },
          {
            "type": "item",
            "weight": 6,
            "name": "minecraft:brown_mushroom",
            "functions": [
              {
                "function": "set_count",
                "count": {
                  "min": 1,
                  "max": 4
                }
              }
            ]
          },
          {
            "type": "item",
            "weight": 6,
            "name": "minecraft:fern",
            "functions": [
              {
                "function": "set_count",
                "count": {
                  "min": 1,
                  "max": 4
                }
              }
            ]
          },
          {
            "type": "item",
            "weight": 6,
            "name": "minecraft:white_tulip",
            "functions": [
              {
                "function": "set_count",
                "count": {
                  "min": 1,
                  "max": 4
                }
              }
            ]
          },
          {
            "type": "item",
            "weight": 6,
            "name": "minecraft:red_tulip",
            "functions": [
              {
                "function": "set_count",
                "count": {
                  "min": 1,
                  "max": 4
                }
              }
            ]
          },
          {
            "type": "item",
            "weight": 6,
            "name": "minecraft:poppy",
            "functions": [
              {
                "function": "set_count",
                "count": {
                  "min": 1,
                  "max": 4
                }
              }
            ]
          },
          {
            "type": "item",
            "weight": 6,
            "name": "minecraft:pink_tulip",
            "functions": [
              {
                "function": "set_count",
                "count": {
                  "min": 1,
                  "max": 4
                }
              }
            ]
          },
          {
            "type": "item",
            "weight": 6,
            "name": "minecraft:oxeye_daisy",
            "functions": [
              {
                "function": "set_count",
                "count": {
                  "min": 1,
                  "max": 4
                }
              }
            ]
          },
          {
            "type": "item",
            "weight": 6,
            "name": "minecraft:orange_tulip",
            "functions": [
              {
                "function": "set_count",
                "count": {
                  "min": 1,
                  "max": 4
                }
              }
            ]
          },
          {
            "type": "item",
            "weight": 6,
            "name": "minecraft:lily_of_the_valley",
            "functions": [
              {
                "function": "set_count",
                "count": {
                  "min": 1,
                  "max": 2
                }
              }
            ]
          },
          {
            "type": "item",
            "weight": 6,
            "name": "minecraft:dandelion",
            "functions": [
              {
                "function": "set_count",
                "count": {
                  "min": 1,
                  "max": 4
                }
              }
            ]
          },
          {
            "type": "item",
            "weight": 6,
            "name": "minecraft:cornflower",
            "functions": [
              {
                "function": "set_count",
                "count": {
                  "min": 1,
                  "max": 4
                }
              }
            ]
          },
          {
            "type": "item",
            "weight": 6,
            "name": "minecraft:blue_orchid",
            "functions": [
              {
                "function": "set_count",
                "count": {
                  "min": 1,
                  "max": 2
                }
              }
            ]
          },
          {
            "type": "item",
            "weight": 6,
            "name": "minecraft:azure_bluet",
            "functions": [
              {
                "function": "set_count",
                "count": {
                  "min": 1,
                  "max": 4
                }
              }
            ]
          },
          {
            "type": "item",
            "weight": 6,
            "name": "minecraft:allium",
            "functions": [
              {
                "function": "set_count",
                "count": {
                  "min": 1,
                  "max": 4
                }
              }
            ]
          }
        ]
      }
    ]
  }