{
   "type": "minecraft:entity",
   "pools": [
      {
        "rolls": 1,
        "entries": [
		  {
	        "type": "minecraft:alternatives",
            "children": [
			  {
			    "type": "minecraft:item",
			    "functions": [
				  {
				    "function": "minecraft:fill_player_head",
				    "entity": "this"
				  }
			    ],
			    "conditions": [
				  {
					"condition": "minecraft:entity_properties",
					"entity": "this",
					"predicate": {
					    "nbt": "{Tags:[\"phi.playerinfo.drop_head\"]}"
					}
				  }
			    ],
			    "name": "minecraft:player_head"
			  },
		      {
			    "type": "minecraft:item",
			    "functions": [
				  {
				    "function": "minecraft:fill_player_head",
				    "entity": "this"
				  }
			    ],
			    "conditions": [
				  {
					"condition": "minecraft:entity_properties",
					"entity": "this",
					"predicate": {
					    "nbt": "{Tags:[\"du_drophead\"]}"
					}
				  }
			    ],
			    "name": "minecraft:player_head"
			  }
		    ]
		  }
        ]
      }
    ],
	"__smithed__": {
		"rules": [
			{
				"type":"smithed:append",
				"target":"pools",
				"source": {
					"type":"smithed:reference",
					"path":"pools[0]"
				}
			}
		]
	}
}