{
	"display": {
		"icon": {
			"item": "minecraft:packed_ice"
		},
		"title": {"translate":"Spire of Ice"},
		"description": {"color":"#75E1FF","translate":"Enter the Spire, located in a frigidly cold biome"},
		"announce_to_chat": "true",
		"frame": "goal"
	},
	"parent": "blazeandcave:adventure/remote_shelter",
	"rewards": {
		"function": "bc_rewards:adventure/spire_of_ice"
	},		
	"criteria": {
		"spire": {
			"trigger": "minecraft:location",
			"conditions": {
				"player": [
					{
						"condition": "minecraft:entity_properties",
						"entity": "this",
						"predicate": {
							"location": {
								"structure": "terralith:spire"
							}
						}
					},
					{
						"condition": "minecraft:inverted",
						"term": {
							"condition": "minecraft:entity_properties",
							"entity": "this",
							"predicate": {
								"type_specific": {
									"type": "player",
									"gamemode": "spectator"
								}
							}
						}
					}
				]
			}
		}		
	}
}