{
	"display": {
		"icon": {
			"item": "minecraft:yellow_terracotta"
		},
		"title": {"translate":"Smarter than the Average Bear"},
		"description": {"translate":"Discover the Yellowstone biome"},
		"announce_to_chat": "true"
	},
	"parent": "blazeandcave:biomes/over_the_moon",	
	"rewards": {
		"function": "bc_rewards:biomes/smarter_than_the_average_bear"
	},	
	"criteria": {
		"yellowstone": {
			"trigger": "minecraft:location",
			"conditions": {
				"player": [
					{
						"condition": "minecraft:entity_properties",
						"entity": "this",
						"predicate": {
							"location": {
								"biome": "terralith:yellowstone"
							}
						}
					},
					{
						"condition": "minecraft:inverted",
						"term": {
							"condition": "minecraft:entity_properties",
							"entity": "this",
							"predicate": {
								"type_specific": {
									"type": "player",
									"gamemode": "spectator"
								}
							}
						}
					}
				]
			}
		}
	}
}