{
    "type": "entity",
    "pools": [
      {
        "rolls": {
          "min": 0,
          "max": 1 
        },
        "entries": [
          {
            "type": "item",
            "weight": 100,
            "name": "minecraft:lapis_lazuli",
            "functions": [
              {
                "function": "set_count",
                "count": {
                  "min": 1,
                  "max": 2
                }
              }
            ]
          },
          {
            "type": "item",
            "weight": 75,
            "name": "minecraft:experience_bottle",
            "functions": [
              {
                "function": "set_count",
                "count": {
                  "min": 1,
                  "max": 2
                }
              }
            ]
          },
          {
            "type": "item",
            "weight": 50,
            "name": "minecraft:potion",
            "functions": [
              {
                "function": "set_count",
                "count": 1
              },
              {
                "function": "set_nbt",
                "tag": "{CustomPotionEffects:[{Id:1,Amplifier:0b,Duration:3600},{Id:5,Amplifier:0b,Duration:3600},{Id:10,Amplifier:0b,Duration:3600},{Id:11,Amplifier:0b,Duration:3600},{Id:12,Amplifier:0b,Duration:3600},{Id:21,Amplifier:1b,Duration:3600},{Id:23,Amplifier:0b,Duration:180}],CustomPotionColor:16723655}"
              },
              {
                "function": "set_name",
                "name": [
                  {
                    "text": "Enchanted Potion",
                    "italic": "false"
                  }
                ]
              }
            ]
          }
        ]
      }
    ]
  }