{"type":"entity","pools":[{"rolls":{"min":4,"max":8},"entries":[{"type":"item","weight":100,"name":"minecraft:totem_of_undying","functions":[{"function":"set_count","count":1}]},{"type":"item","weight":50,"name":"minecraft:emerald","functions":[{"function":"set_count","count":{"min":1,"max":16}}]},{"type":"item","weight":50,"name":"minecraft:golden_apple","functions":[{"function":"set_count","count":{"min":1,"max":2}}]},{"type":"item","weight":25,"name":"minecraft:enchanted_golden_apple","functions":[{"function":"set_count","count":{"min":1,"max":1}}]}]}]}