{"type":"entity","pools":[{"rolls":{"min":1,"max":2},"entries":[{"type":"item","weight":100,"name":"minecraft:blue_ice","functions":[{"function":"set_count","count":{"min":0,"max":10}}]},{"type":"item","weight":50,"name":"minecraft:emerald","functions":[{"function":"set_count","count":{"min":0,"max":3}}]},{"type":"item","weight":75,"name":"minecraft:leather","functions":[{"function":"set_count","count":{"min":1,"max":6}}]},{"type":"item","weight":50,"name":"minecraft:golden_apple","functions":[{"function":"set_count","count":{"min":0,"max":1}}]}]}]}