{
    "type": "entity",
    "pools": [
      {
        "rolls": {
          "min": 6,
          "max": 12
        },
        "entries": [
          {
            "type": "item",
            "weight": 100,
            "name": "minecraft:tipped_arrow",
            "functions": [
              {
                "function": "set_count",
                "count": {
                  "min": 1,
                  "max": 8
                }
              },
              {
                "function": "set_nbt",
                "tag": "{display:{Name:'{\"text\":\"Arrow of Blindness\",\"italic\":false}'},CustomPotionEffects:[{Id:15,Amplifier:0b,Duration:400}],CustomPotionColor:198955}"
              }
            ]
          },
          {
            "type": "item",
            "weight": 50,
            "name": "minecraft:diamond",
            "functions": [
              {
                "function": "set_count",
                "count": {
                  "min": 1,
                  "max": 2
                }
              }
            ]
          },
          {
            "type": "item",
            "weight": 50,
            "name": "minecraft:potion",
            "functions": [
              {
                "function": "set_count",
                "count": 1
              },
              {
                "function": "set_nbt",
                "tag": "{display:{Name:'{\"text\":\"Potion of Illusion\",\"italic\":false}'},CustomPotionEffects:[{Id:1,Amplifier:0b,Duration:3600},{Id:11,Amplifier:0b,Duration:3600},{Id:14,Amplifier:0b,Duration:3600}],CustomPotionColor:7397119}"
              }
            ]
          },
          {
            "type": "item",
            "weight": 25,
            "name": "minecraft:enchanted_golden_apple",
            "functions": [
              {
                "function": "set_count",
                "count": 1
              }
            ]
          }
        ]
      }
    ]
  }