{
    "type": "entity",
    "pools": [
      {
        "rolls": {
          "min": 1,
          "max": 3
        },
        "entries": [
          {
            "type": "item",
            "weight": 35,
            "name": "minecraft:goat_horn",
            "functions": [
              {
                "function": "set_count",
                "count": 1
              },
              {
                "function": "set_nbt",
                "tag": "{raid:emerald_raid_horn,mcs_mob:1b,instrument:\"minecraft:seek_goat_horn\"}"
              },
              {
                "function": "set_name",
                "name": [
                  {
                    "text": "Emerald Raid Horn",
                    "italic": "false"
                  }
                ]
              },
              {
                "function": "set_lore",
                "lore": [
                  {
                    "text": "raid:emerald_raid_horn",
                    "color": "dark_gray",
                    "italic": "false"
                  }
                ]
              }
            ]
          },
          {
            "type": "item",
            "weight": 70,
            "name": "minecraft:leather",
            "functions": [
              {
                "function": "set_count",
                "count": {
                  "min": 1,
                  "max": 5
                }
              }
            ]
          },
          {
            "type": "item",
            "weight": 80,
            "name": "minecraft:beef",
            "functions": [
              {
                "function": "set_count",
                "count": {
                  "min": 1,
                  "max": 5
                }
              }
            ]
          },
          {
            "type": "item",
            "weight": 50,
            "name": "minecraft:emerald",
            "functions": [
              {
                "function": "set_count",
                "count": {
                  "min": 1,
                  "max": 3
                }
              }
            ]
          },
          {
            "type": "item",
            "weight": 100,
            "name": "minecraft:saddle",
            "functions": [
              {
                "function": "set_count",
                "count": 1
              }
            ]
          }
        ]
      }
    ]
  }